layer,question_set,answer_type,score,decodable
0,Generic,factual,3.2328888113287766,False
0,Generic,nonfactual,2.363874109285094,False
0,Generic,nonfactual,3.536595196584764,False
0,Generic,factual,2.478933131004839,False
0,Generic,nonfactual,3.4547097340280377,False
0,Generic,factual,3.3533684711856884,False
0,Generic,factual,3.5823751276552334,False
0,Generic,nonfactual,3.4512089652651636,False
0,Context-relevant,nonfactual,3.3076253939540234,False
0,Context-relevant,factual,2.9835885857015154,False
0,Context-relevant,nonfactual,2.143895720385493,False
0,Context-relevant,factual,2.84956883357441,False
0,Context-relevant,nonfactual,8.155082916237294,False
0,Context-relevant,factual,4.911265256636567,False
0,Context-relevant,nonfactual,4.229993774596153,False
0,Context-relevant,factual,2.581504815518149,False
0,Context-relevant,nonfactual,5.055431449841712,False
0,Context-relevant,factual,4.163018182073114,False
0,Context-relevant,factual,4.49959279206319,False
0,Context-relevant,nonfactual,2.136599600372145,False
1,Generic,factual,1.8902290677412883,False
1,Generic,nonfactual,2.570334111590554,False
1,Generic,nonfactual,2.1932994594473043,False
1,Generic,factual,2.55982570849492,False
1,Generic,nonfactual,2.581711473431289,False
1,Generic,factual,3.9764354062210843,False
1,Generic,factual,2.643566168658181,False
1,Generic,nonfactual,3.60641040108343,False
1,Context-relevant,nonfactual,1.3238063018939656,False
1,Context-relevant,factual,2.830594539824444,False
1,Context-relevant,nonfactual,0.9266531293473762,False
1,Context-relevant,factual,2.8819163241013186,False
1,Context-relevant,nonfactual,7.191837424939612,False
1,Context-relevant,factual,5.624154783256664,False
1,Context-relevant,nonfactual,3.732663416415737,False
1,Context-relevant,factual,2.750385874252703,False
1,Context-relevant,nonfactual,4.26478096737542,False
1,Context-relevant,factual,4.574319206774599,False
1,Context-relevant,factual,3.976567168046128,False
1,Context-relevant,nonfactual,2.7612054827412433,False
2,Generic,factual,5.153337095081336,False
2,Generic,nonfactual,6.767279605464187,False
2,Generic,nonfactual,5.713246935984941,False
2,Generic,factual,6.117455379981711,False
2,Generic,nonfactual,5.813439741407843,False
2,Generic,factual,6.839774012986024,False
2,Generic,factual,5.341246299268334,False
2,Generic,nonfactual,7.2400829593616,False
2,Context-relevant,nonfactual,4.098381123147097,False
2,Context-relevant,factual,6.465029616027368,False
2,Context-relevant,nonfactual,3.543702989366745,False
2,Context-relevant,factual,6.923405441196337,False
2,Context-relevant,nonfactual,10.843209732227118,False
2,Context-relevant,factual,7.646098301718957,False
2,Context-relevant,nonfactual,7.120243544932195,False
2,Context-relevant,factual,5.947965078880839,False
2,Context-relevant,nonfactual,8.033424825098585,False
2,Context-relevant,factual,6.921646796646649,False
2,Context-relevant,factual,7.488729614172495,False
2,Context-relevant,nonfactual,5.912062483282763,False
3,Generic,factual,5.198065825510689,False
3,Generic,nonfactual,6.998982779079435,False
3,Generic,nonfactual,5.953289170073751,False
3,Generic,factual,5.993885624963249,False
3,Generic,nonfactual,5.768590486915846,False
3,Generic,factual,6.440989858049317,False
3,Generic,factual,5.395724224084487,False
3,Generic,nonfactual,7.580880068941412,False
3,Context-relevant,nonfactual,3.683067881978333,False
3,Context-relevant,factual,6.640779703674194,False
3,Context-relevant,nonfactual,3.381430348150615,False
3,Context-relevant,factual,7.32646991313969,False
3,Context-relevant,nonfactual,10.6888615563723,False
3,Context-relevant,factual,6.945410367271711,False
3,Context-relevant,nonfactual,6.806513440032188,False
3,Context-relevant,factual,5.792559022395472,False
3,Context-relevant,nonfactual,8.114027046081484,False
3,Context-relevant,factual,6.759336775246933,False
3,Context-relevant,factual,7.729193519107432,False
3,Context-relevant,nonfactual,5.238811392321138,False
4,Generic,factual,3.8584894042057227,False
4,Generic,nonfactual,5.2525530315439575,False
4,Generic,nonfactual,5.907889569895688,False
4,Generic,factual,4.688399879456154,False
4,Generic,nonfactual,5.606918710912477,False
4,Generic,factual,4.913375810269784,False
4,Generic,factual,4.033619970948117,False
4,Generic,nonfactual,5.808417468633096,False
4,Context-relevant,nonfactual,3.2075134234286753,False
4,Context-relevant,factual,5.674127395736705,False
4,Context-relevant,nonfactual,1.7286865260621855,False
4,Context-relevant,factual,5.975689512720031,False
4,Context-relevant,nonfactual,11.17472402462707,False
4,Context-relevant,factual,5.167234517870438,False
4,Context-relevant,nonfactual,6.178205520318897,False
4,Context-relevant,factual,4.414944716030678,False
4,Context-relevant,nonfactual,8.548058214165879,False
4,Context-relevant,factual,5.379513687358156,False
4,Context-relevant,factual,7.348874037103593,False
4,Context-relevant,nonfactual,3.60309568903404,False
5,Generic,factual,6.147273781693715,False
5,Generic,nonfactual,4.521465384765855,False
5,Generic,nonfactual,6.67775051402828,False
5,Generic,factual,3.94077645257598,False
5,Generic,nonfactual,6.941565144765105,False
5,Generic,factual,4.537899147606776,False
5,Generic,factual,6.391770142407085,False
5,Generic,nonfactual,5.0801096046368714,False
5,Context-relevant,nonfactual,5.460509127669525,False
5,Context-relevant,factual,4.524714873324372,False
5,Context-relevant,nonfactual,4.100072700933185,False
5,Context-relevant,factual,4.8428657662091545,False
5,Context-relevant,nonfactual,12.583470508115154,False
5,Context-relevant,factual,4.564478035325559,False
5,Context-relevant,nonfactual,7.700107501751145,False
5,Context-relevant,factual,3.642972465805457,False
5,Context-relevant,nonfactual,10.29783532715716,False
5,Context-relevant,factual,5.016615167163385,False
5,Context-relevant,factual,8.47891974671085,False
5,Context-relevant,nonfactual,3.0133248839875115,False
6,Generic,factual,6.009045544573511,False
6,Generic,nonfactual,5.720223828511784,False
6,Generic,nonfactual,6.6119042375545245,False
6,Generic,factual,4.449422105371164,False
6,Generic,nonfactual,6.905664855272867,False
6,Generic,factual,5.127667414349098,False
6,Generic,factual,6.040017746936797,False
6,Generic,nonfactual,5.862494279683686,False
6,Context-relevant,nonfactual,5.48189550533278,False
6,Context-relevant,factual,5.313630216970036,False
6,Context-relevant,nonfactual,3.994013758034833,False
6,Context-relevant,factual,5.569762607802861,False
6,Context-relevant,nonfactual,12.540774355123018,False
6,Context-relevant,factual,5.1885004932672745,False
6,Context-relevant,nonfactual,7.522434434460948,False
6,Context-relevant,factual,4.622545692832751,False
6,Context-relevant,nonfactual,10.766495833412026,False
6,Context-relevant,factual,6.051493504000257,False
6,Context-relevant,factual,7.654979389160455,False
6,Context-relevant,nonfactual,3.7400643554852704,False
7,Generic,factual,4.726577716323924,False
7,Generic,nonfactual,3.4480662034631475,False
7,Generic,nonfactual,5.044416525962371,False
7,Generic,factual,2.412795214302693,False
7,Generic,nonfactual,5.432350242476829,False
7,Generic,factual,3.3460085448894668,False
7,Generic,factual,4.598380464421073,False
7,Generic,nonfactual,4.0820575796754754,False
7,Context-relevant,nonfactual,3.268400112803939,False
7,Context-relevant,factual,2.989416502016089,False
7,Context-relevant,nonfactual,2.267505394407861,False
7,Context-relevant,factual,3.325810886533065,False
7,Context-relevant,nonfactual,10.731339347911954,False
7,Context-relevant,factual,2.813551634871046,False
7,Context-relevant,nonfactual,6.057106970391106,False
7,Context-relevant,factual,2.296983362654652,False
7,Context-relevant,nonfactual,9.045753181106438,False
7,Context-relevant,factual,3.100262103646275,False
7,Context-relevant,factual,6.459347859849025,False
7,Context-relevant,nonfactual,1.7136217445833364,False
8,Generic,factual,6.18633713400283,False
8,Generic,nonfactual,3.6515258659293113,False
8,Generic,nonfactual,6.339357449960211,False
8,Generic,factual,3.2600805738551863,False
8,Generic,nonfactual,6.675956451053075,False
8,Generic,factual,3.8817396326256217,False
8,Generic,factual,6.3589385942852195,False
8,Generic,nonfactual,4.115895012261079,False
8,Context-relevant,nonfactual,4.905412185301281,False
8,Context-relevant,factual,3.640552247521522,False
8,Context-relevant,nonfactual,3.838214336982072,False
8,Context-relevant,factual,3.8102094663612553,False
8,Context-relevant,nonfactual,12.03150245435969,False
8,Context-relevant,factual,4.169422214503213,False
8,Context-relevant,nonfactual,7.247132951529063,False
8,Context-relevant,factual,3.186022927383626,False
8,Context-relevant,nonfactual,10.631530541871975,False
8,Context-relevant,factual,4.456108463790679,False
8,Context-relevant,factual,7.778458593644268,False
8,Context-relevant,nonfactual,2.9465085596786307,False
9,Generic,factual,6.501885677431841,False
9,Generic,nonfactual,5.286042304969334,False
9,Generic,nonfactual,6.881066230041808,False
9,Generic,factual,5.061602207548177,False
9,Generic,nonfactual,7.366488177243503,False
9,Generic,factual,5.248382842967005,False
9,Generic,factual,6.952735331665663,False
9,Generic,nonfactual,5.50674320085031,False
9,Context-relevant,nonfactual,5.204521157426532,False
9,Context-relevant,factual,5.180673737974348,False
9,Context-relevant,nonfactual,3.863989058367556,False
9,Context-relevant,factual,5.264241440277397,False
9,Context-relevant,nonfactual,11.873521272515866,False
9,Context-relevant,factual,5.3101738956712525,False
9,Context-relevant,nonfactual,7.770251186550101,False
9,Context-relevant,factual,5.0994279878685616,False
9,Context-relevant,nonfactual,10.55581150322141,False
9,Context-relevant,factual,5.704128518698685,False
9,Context-relevant,factual,7.8724423224068,False
9,Context-relevant,nonfactual,4.5143089635434155,False
10,Generic,factual,8.661004570626863,False
10,Generic,nonfactual,8.346354371263521,False
10,Generic,nonfactual,9.743751145826915,False
10,Generic,factual,8.82016005173199,False
10,Generic,nonfactual,10.09425266913947,False
10,Generic,factual,8.758367092807859,False
10,Generic,factual,9.248092777533811,False
10,Generic,nonfactual,8.604524704890737,False
10,Context-relevant,nonfactual,7.904842584254039,False
10,Context-relevant,factual,8.722108080054985,False
10,Context-relevant,nonfactual,6.449700370965174,False
10,Context-relevant,factual,8.591456654735405,False
10,Context-relevant,nonfactual,13.474805437576835,False
10,Context-relevant,factual,7.875720016613974,False
10,Context-relevant,nonfactual,10.190119608376246,False
10,Context-relevant,factual,8.649173834362644,False
10,Context-relevant,nonfactual,12.213101645267741,False
10,Context-relevant,factual,8.28096743400729,False
10,Context-relevant,factual,10.433734300468398,False
10,Context-relevant,nonfactual,7.64699914827044,False
11,Generic,factual,7.170012131607165,False
11,Generic,nonfactual,7.341972538517742,False
11,Generic,nonfactual,7.736283487279692,False
11,Generic,factual,7.548497513174249,False
11,Generic,nonfactual,7.7788745463037845,False
11,Generic,factual,7.325115371590158,False
11,Generic,factual,7.599752146492111,False
11,Generic,nonfactual,7.47101909295329,False
11,Context-relevant,nonfactual,5.721931239952392,False
11,Context-relevant,factual,7.527889200241909,False
11,Context-relevant,nonfactual,4.657866676426748,False
11,Context-relevant,factual,7.591392817821712,False
11,Context-relevant,nonfactual,11.628849889208686,False
11,Context-relevant,factual,6.796341073553545,False
11,Context-relevant,nonfactual,7.702255024097903,False
11,Context-relevant,factual,7.302606824091567,False
11,Context-relevant,nonfactual,10.441185612255033,False
11,Context-relevant,factual,7.221826681847183,False
11,Context-relevant,factual,8.375443680329903,False
11,Context-relevant,nonfactual,6.498779290980117,False
12,Generic,factual,5.143217352512861,False
12,Generic,nonfactual,5.531671797891536,False
12,Generic,nonfactual,5.776521236983967,False
12,Generic,factual,5.467419266250475,False
12,Generic,nonfactual,5.995134543327563,False
12,Generic,factual,5.110767405132394,False
12,Generic,factual,5.810102002370531,False
12,Generic,nonfactual,5.013656768529894,False
12,Context-relevant,nonfactual,4.067908453073773,False
12,Context-relevant,factual,5.501365853364996,False
12,Context-relevant,nonfactual,2.3281597984771194,False
12,Context-relevant,factual,5.67847083525003,False
12,Context-relevant,nonfactual,9.857676854942486,False
12,Context-relevant,factual,5.533773173672021,False
12,Context-relevant,nonfactual,5.762150510361082,False
12,Context-relevant,factual,5.383670302242635,False
12,Context-relevant,nonfactual,8.382156521394048,False
12,Context-relevant,factual,5.827470536527686,False
12,Context-relevant,factual,6.4811020841369755,False
12,Context-relevant,nonfactual,4.687075205257198,False
13,Generic,factual,3.0802282313839537,False
13,Generic,nonfactual,3.6074697641303124,False
13,Generic,nonfactual,4.111791197857169,False
13,Generic,factual,3.771808614414372,False
13,Generic,nonfactual,4.468406621379462,False
13,Generic,factual,3.5094168719337517,False
13,Generic,factual,4.0859649801750155,False
13,Generic,nonfactual,3.1028757348912395,False
13,Context-relevant,nonfactual,2.7118893692840533,False
13,Context-relevant,factual,3.9884152262021306,False
13,Context-relevant,nonfactual,0.5555700007496831,False
13,Context-relevant,factual,3.868185450502719,False
13,Context-relevant,nonfactual,7.943901584761744,False
13,Context-relevant,factual,4.054533897380902,False
13,Context-relevant,nonfactual,4.009440539746267,False
13,Context-relevant,factual,3.88207435630303,False
13,Context-relevant,nonfactual,6.658381785741688,False
13,Context-relevant,factual,4.747292307478971,False
13,Context-relevant,factual,4.63124193375058,False
13,Context-relevant,nonfactual,2.9044297702974196,False
14,Generic,factual,5.040768682080359,False
14,Generic,nonfactual,4.631705491575375,False
14,Generic,nonfactual,6.646958579748457,False
14,Generic,factual,4.83906090491831,False
14,Generic,nonfactual,6.536908421663553,False
14,Generic,factual,4.93638198683233,False
14,Generic,factual,6.2559294415255815,False
14,Generic,nonfactual,4.502709764384314,False
14,Context-relevant,nonfactual,4.764966714149577,False
14,Context-relevant,factual,5.075395921501213,False
14,Context-relevant,nonfactual,3.3285972336288228,False
14,Context-relevant,factual,5.089948800693475,False
14,Context-relevant,nonfactual,8.656350014486371,False
14,Context-relevant,factual,5.438203887753739,False
14,Context-relevant,nonfactual,6.19445620678797,False
14,Context-relevant,factual,4.926835967337251,False
14,Context-relevant,nonfactual,7.703867437796371,False
14,Context-relevant,factual,5.6180035315621915,False
14,Context-relevant,factual,6.740940007316952,False
14,Context-relevant,nonfactual,3.9105819518977256,False
15,Generic,factual,5.928847263601572,False
15,Generic,nonfactual,5.848861788496311,False
15,Generic,nonfactual,7.181571072648518,False
15,Generic,factual,6.194218737750343,False
15,Generic,nonfactual,7.2999864224203765,False
15,Generic,factual,6.180502971166142,False
15,Generic,factual,7.151935816641208,False
15,Generic,nonfactual,5.684473858398472,False
15,Context-relevant,nonfactual,5.64168619508337,False
15,Context-relevant,factual,6.48839851763995,False
15,Context-relevant,nonfactual,3.8105870863137494,False
15,Context-relevant,factual,6.388305976172811,False
15,Context-relevant,nonfactual,9.848947028099735,False
15,Context-relevant,factual,6.451885090642687,False
15,Context-relevant,nonfactual,7.076757380557963,False
15,Context-relevant,factual,6.62752956355137,False
15,Context-relevant,nonfactual,8.74139993287281,False
15,Context-relevant,factual,6.637743765548932,False
15,Context-relevant,factual,7.734631075444235,False
15,Context-relevant,nonfactual,5.288693047520644,False
16,Generic,factual,6.905454138619122,False
16,Generic,nonfactual,8.013081745131258,False
16,Generic,nonfactual,8.712512459420498,False
16,Generic,factual,8.275095917125375,False
16,Generic,nonfactual,9.067135565065582,False
16,Generic,factual,8.065392659611993,False
16,Generic,factual,8.42336234484966,False
16,Generic,nonfactual,7.722318668603411,False
16,Context-relevant,nonfactual,6.904668038712873,False
16,Context-relevant,factual,8.492997222610839,False
16,Context-relevant,nonfactual,4.980610042813726,False
16,Context-relevant,factual,8.429550219306565,False
16,Context-relevant,nonfactual,11.364295359498401,False
16,Context-relevant,factual,7.918945170078329,False
16,Context-relevant,nonfactual,8.543505420031128,False
16,Context-relevant,factual,8.539902324906922,False
16,Context-relevant,nonfactual,10.407335346180968,False
16,Context-relevant,factual,7.730834394557292,False
16,Context-relevant,factual,9.911650783580065,False
16,Context-relevant,nonfactual,7.374070349071876,False
17,Generic,factual,6.6143627965684,False
17,Generic,nonfactual,7.136523704644343,False
17,Generic,nonfactual,8.679619801294367,False
17,Generic,factual,7.289031607922201,False
17,Generic,nonfactual,8.778449138311636,False
17,Generic,factual,7.083292677851893,False
17,Generic,factual,8.210509020428406,False
17,Generic,nonfactual,6.934579271138652,False
17,Context-relevant,nonfactual,6.519593550594294,False
17,Context-relevant,factual,7.695592551732304,False
17,Context-relevant,nonfactual,4.889208682066153,False
17,Context-relevant,factual,7.549103524393506,False
17,Context-relevant,nonfactual,10.578152743337002,False
17,Context-relevant,factual,6.929120184739132,False
17,Context-relevant,nonfactual,8.064999888108071,False
17,Context-relevant,factual,7.4637834653997785,False
17,Context-relevant,nonfactual,9.819591749686644,False
17,Context-relevant,factual,6.902675582056836,False
17,Context-relevant,factual,9.414445191386918,False
17,Context-relevant,nonfactual,6.397706785467319,False
18,Generic,factual,5.425122444579498,False
18,Generic,nonfactual,7.160800993836572,False
18,Generic,nonfactual,7.8136536311002756,False
18,Generic,factual,7.08365942910218,False
18,Generic,nonfactual,7.549525201417975,False
18,Generic,factual,6.910251640662656,False
18,Generic,factual,6.911958853055367,False
18,Generic,nonfactual,6.719999036875323,False
18,Context-relevant,nonfactual,5.166235239819824,False
18,Context-relevant,factual,7.481826752883191,False
18,Context-relevant,nonfactual,3.5900097360791086,False
18,Context-relevant,factual,7.569428129273921,False
18,Context-relevant,nonfactual,9.273757760614622,False
18,Context-relevant,factual,6.932501378849322,False
18,Context-relevant,nonfactual,7.162751163800176,False
18,Context-relevant,factual,7.163425353365795,False
18,Context-relevant,nonfactual,8.836822535261087,False
18,Context-relevant,factual,6.7943927049034984,False
18,Context-relevant,factual,8.793432774110647,False
18,Context-relevant,nonfactual,6.267922245204536,False
19,Generic,factual,6.128803107873828,False
19,Generic,nonfactual,5.975960462096919,False
19,Generic,nonfactual,7.869252247944079,False
19,Generic,factual,5.907920783287908,False
19,Generic,nonfactual,7.745308222828765,False
19,Generic,factual,5.705721849943155,False
19,Generic,factual,7.47208359555445,False
19,Generic,nonfactual,5.34325449385368,False
19,Context-relevant,nonfactual,5.534182053168869,False
19,Context-relevant,factual,6.366440967879141,False
19,Context-relevant,nonfactual,4.046289112395279,False
19,Context-relevant,factual,6.41337766972288,False
19,Context-relevant,nonfactual,9.35756602022946,False
19,Context-relevant,factual,5.9048875374128595,False
19,Context-relevant,nonfactual,7.742975202603385,False
19,Context-relevant,factual,6.0184703608041925,False
19,Context-relevant,nonfactual,9.02613875066924,False
19,Context-relevant,factual,5.608841449444327,False
19,Context-relevant,factual,9.15106946091549,False
19,Context-relevant,nonfactual,4.916985433119661,False
20,Generic,factual,5.843545884804609,False
20,Generic,nonfactual,6.438921286060621,False
20,Generic,nonfactual,8.261028971473511,False
20,Generic,factual,6.656267198351924,False
20,Generic,nonfactual,7.788317777841784,False
20,Generic,factual,6.7143960208656,False
20,Generic,factual,7.421260559852975,False
20,Generic,nonfactual,6.001366086828431,False
20,Context-relevant,nonfactual,5.6485126763174245,False
20,Context-relevant,factual,6.932142284985789,False
20,Context-relevant,nonfactual,4.078457183102958,False
20,Context-relevant,factual,6.78283745201847,False
20,Context-relevant,nonfactual,9.482591776236585,False
20,Context-relevant,factual,6.774543192767206,False
20,Context-relevant,nonfactual,7.869260765531215,False
20,Context-relevant,factual,6.597127239061318,False
20,Context-relevant,nonfactual,8.944625614139094,False
20,Context-relevant,factual,6.457569745869342,False
20,Context-relevant,factual,9.034095656567109,False
20,Context-relevant,nonfactual,5.503373332646537,False
21,Generic,factual,5.45646513157228,False
21,Generic,nonfactual,4.57657109803446,False
21,Generic,nonfactual,8.151328967595976,False
21,Generic,factual,5.118684807029373,False
21,Generic,nonfactual,7.897675250925606,False
21,Generic,factual,5.16585972409412,False
21,Generic,factual,7.023536054465472,False
21,Generic,nonfactual,4.4033993432028895,False
21,Context-relevant,nonfactual,5.454745039251842,False
21,Context-relevant,factual,5.237003225109525,False
21,Context-relevant,nonfactual,3.491624301178871,False
21,Context-relevant,factual,4.914454646652756,False
21,Context-relevant,nonfactual,8.9746489468309,False
21,Context-relevant,factual,4.8381087822144515,False
21,Context-relevant,nonfactual,7.972721273677447,False
21,Context-relevant,factual,4.8767471156818205,False
21,Context-relevant,nonfactual,8.45643844120852,False
21,Context-relevant,factual,4.495227734798307,False
21,Context-relevant,factual,8.533017556813672,False
21,Context-relevant,nonfactual,3.9447541790852227,False
22,Generic,factual,5.126881659180288,False
22,Generic,nonfactual,5.10885552655765,False
22,Generic,nonfactual,7.935927779784477,False
22,Generic,factual,5.314735958314692,False
22,Generic,nonfactual,7.628202247259581,False
22,Generic,factual,5.256585254546781,False
22,Generic,factual,6.7374669634307,False
22,Generic,nonfactual,4.583889329096318,False
22,Context-relevant,nonfactual,5.436541350786136,False
22,Context-relevant,factual,5.825500078123077,False
22,Context-relevant,nonfactual,3.371727934038901,False
22,Context-relevant,factual,5.3420069533915795,False
22,Context-relevant,nonfactual,7.682047612018025,False
22,Context-relevant,factual,4.682031762157698,False
22,Context-relevant,nonfactual,7.66809421418066,False
22,Context-relevant,factual,5.426692327056475,False
22,Context-relevant,nonfactual,7.540153724789345,False
22,Context-relevant,factual,4.442401012681279,False
22,Context-relevant,factual,8.214644554601783,False
22,Context-relevant,nonfactual,4.161620131405914,False
23,Generic,factual,3.7963217123108213,False
23,Generic,nonfactual,5.721214519466535,False
23,Generic,nonfactual,7.0853584259888525,False
23,Generic,factual,5.590488195669259,False
23,Generic,nonfactual,6.658254611795394,False
23,Generic,factual,5.486848774614989,False
23,Generic,factual,5.602695404433444,False
23,Generic,nonfactual,4.977592896265548,False
23,Context-relevant,nonfactual,4.161792513528007,False
23,Context-relevant,factual,6.050313386480866,False
23,Context-relevant,nonfactual,2.180890899140141,False
23,Context-relevant,factual,5.614003955825222,False
23,Context-relevant,nonfactual,6.457707208206573,False
23,Context-relevant,factual,5.06490029827326,False
23,Context-relevant,nonfactual,6.692562504780274,False
23,Context-relevant,factual,5.5789937214849274,False
23,Context-relevant,nonfactual,6.166490350606677,False
23,Context-relevant,factual,4.86823120308912,False
23,Context-relevant,factual,6.883651688298192,False
23,Context-relevant,nonfactual,4.260690977746489,False
24,Generic,factual,5.347978515676675,False
24,Generic,nonfactual,6.069677260132653,False
24,Generic,nonfactual,8.159447674971132,False
24,Generic,factual,5.5367275636501345,False
24,Generic,nonfactual,7.6090423105158616,False
24,Generic,factual,5.365260976988885,False
24,Generic,factual,6.61991627594356,False
24,Generic,nonfactual,5.030067261482119,False
24,Context-relevant,nonfactual,5.484910199333171,False
24,Context-relevant,factual,6.189528556505322,False
24,Context-relevant,nonfactual,3.539969903059769,False
24,Context-relevant,factual,5.907442637603496,False
24,Context-relevant,nonfactual,7.728117454654598,False
24,Context-relevant,factual,5.244478134531838,False
24,Context-relevant,nonfactual,7.581533610191999,False
24,Context-relevant,factual,5.606621515540554,False
24,Context-relevant,nonfactual,7.360811217182122,False
24,Context-relevant,factual,5.152740644690398,False
24,Context-relevant,factual,7.882964720309959,False
24,Context-relevant,nonfactual,4.128151525296694,False
25,Generic,factual,4.704834998093476,False
25,Generic,nonfactual,5.700437529069604,False
25,Generic,nonfactual,7.057552121351109,False
25,Generic,factual,5.254138675355908,False
25,Generic,nonfactual,6.626974454493172,False
25,Generic,factual,5.206508721865126,False
25,Generic,factual,5.990706775178476,False
25,Generic,nonfactual,4.613728569731431,False
25,Context-relevant,nonfactual,4.978518384224674,False
25,Context-relevant,factual,5.806257030736545,False
25,Context-relevant,nonfactual,3.0112611330100525,False
25,Context-relevant,factual,5.403808904549611,False
25,Context-relevant,nonfactual,6.823705347014477,False
25,Context-relevant,factual,5.094020174099193,False
25,Context-relevant,nonfactual,6.732229644698081,False
25,Context-relevant,factual,5.465207093702583,False
25,Context-relevant,nonfactual,6.290930431154069,False
25,Context-relevant,factual,4.838606039042008,False
25,Context-relevant,factual,6.834286124739835,False
25,Context-relevant,nonfactual,3.924509932504207,False
26,Generic,factual,3.6729337234990305,False
26,Generic,nonfactual,5.379766172281437,False
26,Generic,nonfactual,6.512380022849727,False
26,Generic,factual,4.96496073404477,False
26,Generic,nonfactual,6.015577683279524,False
26,Generic,factual,5.277193628887952,False
26,Generic,factual,5.135890189640055,False
26,Generic,nonfactual,4.298205188070366,False
26,Context-relevant,nonfactual,4.365174405734006,False
26,Context-relevant,factual,5.594188610503721,False
26,Context-relevant,nonfactual,2.322440235305747,False
26,Context-relevant,factual,5.1268108982032174,False
26,Context-relevant,nonfactual,5.527404299993207,False
26,Context-relevant,factual,4.830045280477588,False
26,Context-relevant,nonfactual,6.169580026874048,False
26,Context-relevant,factual,5.214244216178987,False
26,Context-relevant,nonfactual,5.460267958113966,False
26,Context-relevant,factual,4.790608939253733,False
26,Context-relevant,factual,5.9832322664728,False
26,Context-relevant,nonfactual,3.912627339586736,False
27,Generic,factual,3.3401631659613638,False
27,Generic,nonfactual,5.239326213139476,False
27,Generic,nonfactual,6.030202337227708,False
27,Generic,factual,4.985666023902496,False
27,Generic,nonfactual,5.382971957893185,False
27,Generic,factual,5.286975522650129,False
27,Generic,factual,4.781495140331557,False
27,Generic,nonfactual,4.214631337134774,False
27,Context-relevant,nonfactual,4.064841693838063,False
27,Context-relevant,factual,5.534168079330731,False
27,Context-relevant,nonfactual,1.9835391672092075,False
27,Context-relevant,factual,5.047489824489781,False
27,Context-relevant,nonfactual,5.073383397090978,False
27,Context-relevant,factual,4.904897192338717,False
27,Context-relevant,nonfactual,5.694797222294161,False
27,Context-relevant,factual,5.250352733815069,False
27,Context-relevant,nonfactual,4.875971599148025,False
27,Context-relevant,factual,4.640708778140697,False
27,Context-relevant,factual,5.3927976424684285,False
27,Context-relevant,nonfactual,4.225470288592453,False
28,Generic,factual,2.8124573372813,False
28,Generic,nonfactual,4.8604575169092925,False
28,Generic,nonfactual,5.610059918416176,False
28,Generic,factual,4.641829089193566,False
28,Generic,nonfactual,5.173094470309381,False
28,Generic,factual,4.72412026238905,False
28,Generic,factual,4.347690917811735,False
28,Generic,nonfactual,3.4842948236021787,False
28,Context-relevant,nonfactual,3.3403399433296155,False
28,Context-relevant,factual,4.906888255458385,False
28,Context-relevant,nonfactual,1.442604628225875,False
28,Context-relevant,factual,4.441036169862842,False
28,Context-relevant,nonfactual,4.709412849826979,False
28,Context-relevant,factual,4.357567330297686,False
28,Context-relevant,nonfactual,5.132729284149029,False
28,Context-relevant,factual,4.609365646102583,False
28,Context-relevant,nonfactual,4.557956029118856,False
28,Context-relevant,factual,4.362201608622428,False
28,Context-relevant,factual,4.854183882727435,False
28,Context-relevant,nonfactual,3.7445728613156213,False
29,Generic,factual,2.381765582616843,False
29,Generic,nonfactual,3.370010363871282,False
29,Generic,nonfactual,5.446839091693453,False
29,Generic,factual,3.2672740495752266,False
29,Generic,nonfactual,4.788064873344661,False
29,Generic,factual,3.378703069097917,False
29,Generic,factual,3.9138598828630604,False
29,Generic,nonfactual,2.2675716501240855,False
29,Context-relevant,nonfactual,2.745400107981132,False
29,Context-relevant,factual,3.3777312584023957,False
29,Context-relevant,nonfactual,1.158191040856143,False
29,Context-relevant,factual,3.0123743695034304,False
29,Context-relevant,nonfactual,4.097812618066114,False
29,Context-relevant,factual,2.8600617984587737,False
29,Context-relevant,nonfactual,5.090434734628562,False
29,Context-relevant,factual,3.020003343789858,False
29,Context-relevant,nonfactual,3.9276492516153168,False
29,Context-relevant,factual,2.8874634006138775,False
29,Context-relevant,factual,4.556173309459691,False
29,Context-relevant,nonfactual,2.1726460163194035,False
30,Generic,factual,2.234148858031592,False
30,Generic,nonfactual,2.5873416623443584,False
30,Generic,nonfactual,5.1037920259537115,False
30,Generic,factual,2.236333767748197,False
30,Generic,nonfactual,4.219905527406905,False
30,Generic,factual,2.4574429720586957,False
30,Generic,factual,3.5133222169793177,False
30,Generic,nonfactual,1.582289734869801,False
30,Context-relevant,nonfactual,2.2193481400964123,False
30,Context-relevant,factual,2.695844279577767,False
30,Context-relevant,nonfactual,1.256273171340372,False
30,Context-relevant,factual,2.4073432726020845,False
30,Context-relevant,nonfactual,3.9197818659186585,False
30,Context-relevant,factual,1.6886628158206105,False
30,Context-relevant,nonfactual,4.967113254033357,False
30,Context-relevant,factual,2.263581845345367,False
30,Context-relevant,nonfactual,3.792166256903268,False
30,Context-relevant,factual,1.5574523323045164,False
30,Context-relevant,factual,4.231207067313259,False
30,Context-relevant,nonfactual,0.9327011209651519,False
31,Generic,factual,1.6676456611133825,False
31,Generic,nonfactual,1.5491364017621085,False
31,Generic,nonfactual,3.9944467345868313,False
31,Generic,factual,1.3746997513480996,False
31,Generic,nonfactual,3.1920004662058474,False
31,Generic,factual,1.6314053396775292,False
31,Generic,factual,2.7839732789049987,False
31,Generic,nonfactual,0.7115816903748368,False
31,Context-relevant,nonfactual,1.4023724670642934,False
31,Context-relevant,factual,1.5997408781817055,False
31,Context-relevant,nonfactual,0.7808497329997403,False
31,Context-relevant,factual,1.4772726907777842,False
31,Context-relevant,nonfactual,2.481063004532746,False
31,Context-relevant,factual,1.2066601378546422,False
31,Context-relevant,nonfactual,3.800248529468158,False
31,Context-relevant,factual,1.1829812242265916,False
31,Context-relevant,nonfactual,2.4400641562123297,False
31,Context-relevant,factual,0.7503743695074524,False
31,Context-relevant,factual,3.039280559205532,False
31,Context-relevant,nonfactual,0.0009034653501530235,False
32,Generic,factual,2.5878719776154315,False
32,Generic,nonfactual,1.9928605552911314,False
32,Generic,nonfactual,4.625524204729386,False
32,Generic,factual,1.6552411463744392,False
32,Generic,nonfactual,3.623300602183085,False
32,Generic,factual,1.888572599635012,False
32,Generic,factual,3.4779644305849198,False
32,Generic,nonfactual,0.8126017815374438,False
32,Context-relevant,nonfactual,1.9648333872688517,False
32,Context-relevant,factual,1.9968367058119736,False
32,Context-relevant,nonfactual,1.5597424215090812,False
32,Context-relevant,factual,2.0102350437222167,False
32,Context-relevant,nonfactual,3.1253426068668047,False
32,Context-relevant,factual,1.7036619558291315,False
32,Context-relevant,nonfactual,4.384674550427768,False
32,Context-relevant,factual,1.713897683301146,False
32,Context-relevant,nonfactual,3.299886512957988,False
32,Context-relevant,factual,1.4239864551583967,False
32,Context-relevant,factual,3.723307524746716,False
32,Context-relevant,nonfactual,0.540036817747996,False
33,Generic,factual,1.5515727946910256,False
33,Generic,nonfactual,1.1041091187851795,False
33,Generic,nonfactual,2.7698774234863497,False
33,Generic,factual,0.8168205905038965,False
33,Generic,nonfactual,2.3631748123229688,False
33,Generic,factual,0.8997138968374536,False
33,Generic,factual,2.156344018882219,False
33,Generic,nonfactual,0.48288149005450925,False
33,Context-relevant,nonfactual,1.6393589973097913,False
33,Context-relevant,factual,1.0254559760024553,False
33,Context-relevant,nonfactual,1.2459780835928982,False
33,Context-relevant,factual,1.0386693023483764,False
33,Context-relevant,nonfactual,2.23311586991957,False
33,Context-relevant,factual,0.7795511880723613,False
33,Context-relevant,nonfactual,2.537981418136769,False
33,Context-relevant,factual,0.8617607177850286,False
33,Context-relevant,nonfactual,2.3087523347942644,False
33,Context-relevant,factual,0.6639631046512533,False
33,Context-relevant,factual,2.39627159061296,False
33,Context-relevant,nonfactual,0.33504024769963564,False
